{"mean":{"confidence_interval":{"confidence_level":0.95,"lower_bound":0.2203568819921556,"upper_bound":0.23697363207759323},"point_estimate":0.2284965763098339,"standard_error":0.004260632091388539},"median":{"confidence_interval":{"confidence_level":0.95,"lower_bound":0.21686978987268457,"upper_bound":0.23627836849763853},"point_estimate":0.2265022680522848,"standard_error":0.004785583131988244}}