{"mean":{"confidence_interval":{"confidence_level":0.95,"lower_bound":-0.2634993774385355,"upper_bound":-0.20010277536006962},"point_estimate":-0.23204670628807667,"standard_error":0.016180631429202733},"median":{"confidence_interval":{"confidence_level":0.95,"lower_bound":-0.23185275529979432,"upper_bound":-0.14292623547255534},"point_estimate":-0.17341825615552786,"standard_error":0.02530933921009174}}