{"mean":{"confidence_interval":{"confidence_level":0.95,"lower_bound":-0.004214953577223304,"upper_bound":0.013606964503653599},"point_estimate":0.0035359003948989276,"standard_error":0.004440084833282554},"median":{"confidence_interval":{"confidence_level":0.95,"lower_bound":-0.0054204917091540145,"upper_bound":0.006458191781115508},"point_estimate":0.00006812018568980172,"standard_error":0.00291987834630726}}