{"mean":{"confidence_interval":{"confidence_level":0.95,"lower_bound":-0.01737395020396174,"upper_bound":-0.002344500069508665},"point_estimate":-0.009048821348019542,"standard_error":0.0038593836159469624},"median":{"confidence_interval":{"confidence_level":0.95,"lower_bound":-0.005754451743259059,"upper_bound":0.001607237414591678},"point_estimate":-0.0016559939867346607,"standard_error":0.0018872661353775454}}