{"mean":{"confidence_interval":{"confidence_level":0.95,"lower_bound":-0.009964658802512084,"upper_bound":0.005657520630882429},"point_estimate":-0.0024760232540745886,"standard_error":0.003971703163065018},"median":{"confidence_interval":{"confidence_level":0.95,"lower_bound":-0.004510402669513303,"upper_bound":0.004313581854759052},"point_estimate":-0.0007965437796831898,"standard_error":0.0022958984247242655}}