{"mean":{"confidence_interval":{"confidence_level":0.95,"lower_bound":-0.008143982436991225,"upper_bound":0.007518887962552072},"point_estimate":-0.0003173167175444247,"standard_error":0.004005105940901952},"median":{"confidence_interval":{"confidence_level":0.95,"lower_bound":-0.008269463042553826,"upper_bound":0.010686356227006977},"point_estimate":0.001193165705516419,"standard_error":0.005061657447117196}}